i,j,Longitude,Latitude,sealevel,upcount,e,q
3886,2940,129.5166667,-7.983333333,-68.469166,-58.52834814,108,100
3887,2940,129.55,-7.983333333,-72.88733059,-61.59131235,108,100
3888,2940,129.5833333,-7.983333333,-76.89349625,-64.39718836,108,100
3889,2940,129.6166667,-7.983333333,-79.8228627,-66.67931899,108,100
3890,2940,129.65,-7.983333333,-81.43730303,-68.40415286,108,100
3891,2940,129.6833333,-7.983333333,-82.49792956,-69.87152781,108,100
3892,2940,129.7166667,-7.983333333,-84.01396541,-71.53227466,108,100
3893,2940,129.75,-7.983333333,-86.40874721,-73.77767351,108,100
3894,2940,129.7833333,-7.983333333,-90.20300781,-76.92856315,108,100
3895,2940,129.8166667,-7.983333333,-96.06581771,-81.18696636,108,100
3896,2940,129.85,-7.983333333,-104.2646631,-86.47854768,108,100
3897,2940,129.8833333,-7.983333333,-114.0815256,-92.33294773,108,100
3898,2940,129.9166667,-7.983333333,-124.0578785,-97.86588783,108,100
3899,2940,129.95,-7.983333333,-132.0775065,-101.7726648,108,100
3900,2940,129.9833333,-7.983333333,-134.6070156,-102.5517859,108,100
3901,2940,130.0166667,-7.983333333,-129.2532305,-99.36897694,108,100
3902,2940,130.05,-7.983333333,-117.7080175,-92.74955937,888,-888
3903,2940,130.0833333,-7.983333333,-103.5762039,-84.09610178,121,100
3904,2940,130.1166667,-7.983333333,-89.33367201,-74.76202675,121,100
3905,2940,130.15,-7.983333333,-76.19629991,-65.65660787,121,100
3906,2940,130.1833333,-7.983333333,-64.64207309,-57.26431276,121,100
3907,2940,130.2166667,-7.983333333,-54.6023528,-49.77789942,121,100
3908,2940,130.25,-7.983333333,-46.03680921,-43.26830161,121,100
3909,2940,130.2833333,-7.983333333,-39.00756151,-37.78856163,121,100
3910,2940,130.3166667,-7.983333333,-33.51559518,-33.39175415,121,100
3911,2940,130.35,-7.983333333,-29.63034604,-30.10446982,121,100
3912,2940,130.3833333,-7.983333333,-27.19597523,-27.88141169,121,100
3913,2940,130.4166667,-7.983333333,-25.93134138,-26.61227348,121,100
3914,2940,130.45,-7.983333333,-25.71597303,-26.15616106,121,100
3915,2940,130.4833333,-7.983333333,-26.38473642,-26.33914288,121,100
3886,2939,129.5166667,-7.95,-65.83576601,-56.83495602,108,100
3887,2939,129.55,-7.95,-69.57285685,-59.56564958,108,100
3888,2939,129.5833333,-7.95,-72.83999729,-62.05717349,108,100
3889,2939,129.6166667,-7.95,-75.38794232,-64.18509698,108,100
3890,2939,129.65,-7.95,-77.20870523,-65.99440879,108,100
3891,2939,129.6833333,-7.95,-78.92844239,-67.72641027,108,100
3892,2939,129.7166667,-7.95,-81.16422159,-69.70058495,108,100
3893,2939,129.75,-7.95,-84.01139703,-72.22714876,108,100
3894,2939,129.7833333,-7.95,-88.25719269,-75.6659478,108,100
3895,2939,129.8166667,-7.95,-95.02915022,-80.31942149,108,100
3896,2939,129.85,-7.95,-104.5426933,-86.19921764,108,100
3897,2939,129.8833333,-7.95,-116.1527061,-92.94482514,108,100
3898,2939,129.9166667,-7.95,-129.2571065,-99.76677768,108,100
3899,2939,129.95,-7.95,-141.8853592,-105.166312,108,100
3900,2939,129.9833333,-7.95,-147.7207201,-107.0326445,108,100
3901,2939,130.0166667,-7.95,-141.6016098,-104.0463659,108,100
3902,2939,130.05,-7.95,-127.0578676,-96.92732957,888,-888
3903,2939,130.0833333,-7.95,-110.458259,-87.56759146,121,100
3904,2939,130.1166667,-7.95,-94.51177867,-77.55133491,121,100
3905,2939,130.15,-7.95,-80.01401182,-67.80217376,121,100
3906,2939,130.1833333,-7.95,-67.34985062,-58.79143311,121,100
3907,2939,130.2166667,-7.95,-56.39327218,-50.71106604,121,100
3908,2939,130.25,-7.95,-46.86922407,-43.6355224,121,100
3909,2939,130.2833333,-7.95,-38.8894166,-37.64566041,121,100
3910,2939,130.3166667,-7.95,-32.68680706,-32.84567049,121,100
3911,2939,130.35,-7.95,-28.35350759,-29.31815341,121,100
3912,2939,130.3833333,-7.95,-25.79717057,-27.06939393,121,100
3913,2939,130.4166667,-7.95,-24.84414693,-26.00145029,121,100
3914,2939,130.45,-7.95,-25.26079156,-25.91684842,121,100
3915,2939,130.4833333,-7.95,-26.65105086,-26.54724901,121,100
3886,2938,129.5166667,-7.916666667,-61.99968762,-54.07505449,108,100
3887,2938,129.55,-7.916666667,-65.23095338,-56.47783733,108,100
3888,2938,129.5833333,-7.916666667,-67.74932593,-58.64359524,108,100
3889,2938,129.6166667,-7.916666667,-69.81764957,-60.54510884,108,100
3890,2938,129.65,-7.916666667,-71.65191627,-62.27699591,108,100
3891,2938,129.6833333,-7.916666667,-73.62069784,-64.02550813,108,100
3892,2938,129.7166667,-7.916666667,-76.05437698,-66.01487019,108,100
3893,2938,129.75,-7.916666667,-78.88398793,-68.50254641,108,100
3894,2938,129.7833333,-7.916666667,-83.10655994,-71.86497847,108,100
3895,2938,129.8166667,-7.916666667,-89.99346143,-76.44522181,108,100
3896,2938,129.85,-7.916666667,-99.50613416,-82.3226718,108,100
3897,2938,129.8833333,-7.916666667,-111.5369178,-89.30769129,108,100
3898,2938,129.9166667,-7.916666667,-126.4571634,-96.78827125,108,100
3899,2938,129.95,-7.916666667,-142.5169425,-103.2003376,108,100
3900,2938,129.9833333,-7.916666667,-151.2449521,-106.0278528,108,100
3901,2938,130.0166667,-7.916666667,-145.023139,-103.5753744,108,100
3902,2938,130.05,-7.916666667,-128.9494235,-96.62354765,888,-888
3903,2938,130.0833333,-7.916666667,-111.4280162,-87.31041593,121,100
3904,2938,130.1166667,-7.916666667,-95.05672955,-77.30935633,121,100
3905,2938,130.15,-7.916666667,-80.33163124,-67.52603431,121,100
3906,2938,130.1833333,-7.916666667,-67.41561819,-58.40906772,121,100
3907,2938,130.2166667,-7.916666667,-56.1494102,-50.15236327,121,100
3908,2938,130.25,-7.916666667,-46.26822437,-42.84308672,121,100
3909,2938,130.2833333,-7.916666667,-37.7222966,-36.57870075,121,100
3910,2938,130.3166667,-7.916666667,-30.77436701,-31.51411424,121,100
3911,2938,130.35,-7.916666667,-25.84997133,-27.83318414,121,100
3912,2938,130.3833333,-7.916666667,-23.26401631,-25.65433041,121,100
3913,2938,130.4166667,-7.916666667,-22.95009899,-24.9134004,121,100
3914,2938,130.45,-7.916666667,-24.33143267,-25.33071606,121,100
3915,2938,130.4833333,-7.916666667,-26.66483545,-26.51568021,121,100
3886,2937,129.5166667,-7.883333333,-56.97153604,-50.52111123,108,100
3887,2937,129.55,-7.883333333,-59.79249795,-52.6031795,108,100
3888,2937,129.5833333,-7.883333333,-61.84949937,-54.45547128,108,100
3889,2937,129.6166667,-7.883333333,-63.55954427,-56.08637176,108,100
3890,2937,129.65,-7.883333333,-65.24167476,-57.5988071,108,100
3891,2937,129.6833333,-7.883333333,-67.02880735,-59.12358133,108,100
3892,2937,129.7166667,-7.883333333,-69.05817377,-60.82171756,108,100
3893,2937,129.75,-7.883333333,-71.40898713,-62.92398534,108,100
3894,2937,129.7833333,-7.883333333,-75.04509666,-65.77362802,108,100
3895,2937,129.8166667,-7.883333333,-80.87692288,-69.67853246,108,100
3896,2937,129.85,-7.883333333,-88.77482117,-74.78658739,108,100
3897,2937,129.8833333,-7.883333333,-99.3033151,-81.11258148,108,100
3898,2937,129.9166667,-7.883333333,-113.1638178,-88.24341683,108,100
3899,2937,129.95,-7.883333333,-128.420656,-94.73127973,108,100
3900,2937,129.9833333,-7.883333333,-137.4811005,-98.14788241,108,100
3901,2937,130.0166667,-7.883333333,-133.5830491,-96.76097067,108,100
3902,2937,130.05,-7.883333333,-120.5588229,-91.07965278,888,-888
3903,2937,130.0833333,-7.883333333,-105.3738223,-82.93513508,121,100
3904,2937,130.1166667,-7.883333333,-90.62034504,-73.86412058,121,100
3905,2937,130.15,-7.883333333,-77.02995471,-64.75579909,121,100
3906,2937,130.1833333,-7.883333333,-64.78222917,-56.07900699,121,100
3907,2937,130.2166667,-7.883333333,-53.80962511,-48.07174071,121,100
3908,2937,130.25,-7.883333333,-44.0314743,-40.87160372,121,100
3909,2937,130.2833333,-7.883333333,-35.37038269,-34.61074729,121,100
3910,2937,130.3166667,-7.883333333,-27.97108258,-29.48984961,121,100
3911,2937,130.35,-7.883333333,-22.50279316,-25.79889853,121,100
3912,2937,130.3833333,-7.883333333,-19.9336446,-23.80102432,121,100
3913,2937,130.4166667,-7.883333333,-20.49862399,-23.49145445,121,100
3914,2937,130.45,-7.883333333,-23.113387,-24.50408772,121,100
3915,2937,130.4833333,-7.883333333,-26.55648112,-26.31896251,121,100
3886,2936,129.5166667,-7.85,-51.53820736,-46.5154022,108,100
3887,2936,129.55,-7.85,-53.92929447,-48.27887051,108,100
3888,2936,129.5833333,-7.85,-55.69359177,-49.82401728,108,100
3889,2936,129.6166667,-7.85,-57.09683269,-51.1420969,108,100
3890,2936,129.65,-7.85,-58.42393659,-52.30676832,108,100
3891,2936,129.6833333,-7.85,-59.64103355,-53.39938833,108,100
3892,2936,129.7166667,-7.85,-60.75861647,-54.54263706,108,100
3893,2936,129.75,-7.85,-62.18763167,-55.94520106,108,100
3894,2936,129.7833333,-7.85,-64.57435495,-57.86582742,108,100
3895,2936,129.8166667,-7.85,-68.08440625,-60.52957449,108,100
3896,2936,129.85,-7.85,-72.92813736,-64.1694833,108,100
3897,2936,129.8833333,-7.85,-80.30742542,-69.03743841,108,100
3898,2936,129.9166667,-7.85,-90.99087109,-74.98881843,108,100
3899,2936,129.95,-7.85,-103.0864637,-80.87623352,108,100
3900,2936,129.9833333,-7.85,-111.3610243,-84.66600712,108,100
3901,2936,130.0166667,-7.85,-111.4187549,-84.76481027,108,100
3902,2936,130.05,-7.85,-104.3106186,-81.18324071,888,-888
3903,2936,130.0833333,-7.85,-93.7295918,-75.0775638,121,100
3904,2936,130.1166667,-7.85,-82.13505754,-67.66726298,121,100
3905,2936,130.15,-7.85,-70.66526557,-59.80341922,121,100
3906,2936,130.1833333,-7.85,-59.79100613,-52.01408299,121,100
3907,2936,130.2166667,-7.85,-49.6952717,-44.62299178,121,100
3908,2936,130.25,-7.85,-40.44730964,-37.84528001,121,100
3909,2936,130.2833333,-7.85,-32.10143338,-31.87543774,121,100
3910,2936,130.3166667,-7.85,-24.81525805,-26.96866159,121,100
3911,2936,130.35,-7.85,-19.24881383,-23.48921188,121,100
3912,2936,130.3833333,-7.85,-16.86353513,-21.80685687,121,100
3913,2936,130.4166667,-7.85,-18.27576658,-21.97422196,121,100
3914,2936,130.45,-7.85,-22.0323635,-23.58093145,121,100
3915,2936,130.4833333,-7.85,-26.57837835,-26.02984042,121,100
3886,2935,129.5166667,-7.816666667,-46.09677969,-42.39599533,108,100
3887,2935,129.55,-7.816666667,-48.13367919,-43.83814437,108,100
3888,2935,129.5833333,-7.816666667,-49.65082984,-45.05905368,108,100
3889,2935,129.6166667,-7.816666667,-50.69886271,-46.01036088,108,100
3890,2935,129.65,-7.816666667,-51.45060443,-46.72296356,108,100
3891,2935,129.6833333,-7.816666667,-51.81389381,-47.24211191,108,100
3892,2935,129.7166667,-7.816666667,-51.858223,-47.6636742,108,100
3893,2935,129.75,-7.816666667,-52.05733893,-48.15371159,108,100
3894,2935,129.7833333,-7.816666667,-52.55994603,-48.87026669,108,100
3895,2935,129.8166667,-7.816666667,-53.06421431,-49.96149221,108,100
3896,2935,129.85,-7.816666667,-53.97886353,-51.73444784,108,100
3897,2935,129.8833333,-7.816666667,-56.98553298,-54.70670608,108,100
3898,2935,129.9166667,-7.816666667,-64.00809962,-59.16028383,108,100
3899,2935,129.95,-7.816666667,-74.23053622,-64.37422689,108,100
3900,2935,129.9833333,-7.816666667,-83.1831801,-68.60742143,108,100
3901,2935,130.0166667,-7.816666667,-86.96850706,-70.26845456,108,100
3902,2935,130.05,-7.816666667,-85.11327605,-68.91106536,888,-888
3903,2935,130.0833333,-7.816666667,-79.26154105,-65.07333059,121,100
3904,2935,130.1166667,-7.816666667,-71.22761679,-59.60581992,121,100
3905,2935,130.15,-7.816666667,-62.21304904,-53.25909854,121,100
3906,2935,130.1833333,-7.816666667,-53.02488401,-46.60740734,121,100
3907,2935,130.2166667,-7.816666667,-44.20395317,-40.07268231,121,100
3908,2935,130.25,-7.816666667,-35.91170846,-33.95301282,121,100
3909,2935,130.2833333,-7.816666667,-28.30148102,-28.51815265,121,100
3910,2935,130.3166667,-7.816666667,-21.70807223,-24.09709084,121,100
3911,2935,130.35,-7.816666667,-16.8127315,-21.09118704,121,100
3912,2935,130.3833333,-7.816666667,-15.07589388,-19.87506718,121,100
3913,2935,130.4166667,-7.816666667,-17.0407695,-20.50659354,121,100
3914,2935,130.45,-7.816666667,-21.38334784,-22.606789,121,100
3915,2935,130.4833333,-7.816666667,-26.78439098,-25.60937001,121,100
3886,2934,129.5166667,-7.783333333,-41.17471441,-38.47813464,108,100
3887,2934,129.55,-7.783333333,-42.79934592,-39.57533546,108,100
3888,2934,129.5833333,-7.783333333,-43.97370481,-40.42723043,108,100
3889,2934,129.6166667,-7.783333333,-44.55491536,-40.95274105,108,100
3890,2934,129.65,-7.783333333,-44.66298346,-41.14865302,108,100
3891,2934,129.6833333,-7.783333333,-44.20018542,-41.03628615,108,100
3892,2934,129.7166667,-7.783333333,-43.17895362,-40.68140104,108,100
3893,2934,129.75,-7.783333333,-41.88787021,-40.19917879,108,100
3894,2934,129.7833333,-7.783333333,-40.29184033,-39.68553248,108,100
3895,2934,129.8166667,-7.783333333,-38.01378427,-39.24967026,108,100
3896,2934,129.85,-7.783333333,-35.11576478,-39.23116653,108,100
3897,2934,129.8833333,-7.783333333,-33.4229253,-40.37510523,108,100
3898,2934,129.9166667,-7.783333333,-37.09165304,-43.43833392,108,100
3899,2934,129.95,-7.783333333,-47.04597657,-48.12099089,108,100
3900,2934,129.9833333,-7.783333333,-57.77811195,-52.78691719,108,100
3901,2934,130.0166667,-7.783333333,-64.43837163,-55.72042215,108,100
3902,2934,130.05,-7.783333333,-66.27880954,-56.18105949,888,-888
3903,2934,130.0833333,-7.783333333,-64.1771775,-54.31061885,121,100
3904,2934,130.1166667,-7.783333333,-59.33947374,-50.64979855,121,100
3905,2934,130.15,-7.783333333,-52.68875135,-45.80297388,121,100
3906,2934,130.1833333,-7.783333333,-45.11731262,-40.33292194,121,100
3907,2934,130.2166667,-7.783333333,-37.63626158,-34.73058655,121,100
3908,2934,130.25,-7.783333333,-30.40960477,-29.37419915,121,100
3909,2934,130.2833333,-7.783333333,-23.55811134,-24.6211661,121,100
3910,2934,130.3166667,-7.783333333,-18.05200179,-20.88251149,121,100
3911,2934,130.35,-7.783333333,-14.68681727,-18.54651178,121,100
3912,2934,130.3833333,-7.783333333,-14.15038347,-17.89111286,121,100
3913,2934,130.4166667,-7.783333333,-16.46696172,-18.93687105,121,100
3914,2934,130.45,-7.783333333,-20.88981301,-21.39795228,121,100
3915,2934,130.4833333,-7.783333333,-26.75086049,-24.82017857,121,100
3886,2933,129.5166667,-7.75,-37.38602483,-35.00611552,108,100
3887,2933,129.55,-7.75,-38.35604803,-35.72438018,108,100
3888,2933,129.5833333,-7.75,-38.97276816,-36.15148601,108,100
3889,2933,129.6166667,-7.75,-38.95317159,-36.19758344,108,100
3890,2933,129.65,-7.75,-38.3328271,-35.84101099,108,100
3891,2933,129.6833333,-7.75,-37.05081867,-35.09539475,108,100
3892,2933,129.7166667,-7.75,-35.0529762,-34.00810124,108,100
3893,2933,129.75,-7.75,-32.47719043,-32.66735567,108,100
3894,2933,129.7833333,-7.75,-29.34270276,-31.16248288,108,100
3895,2933,129.8166667,-7.75,-25.30886218,-29.6112123,108,100
3896,2933,129.85,-7.75,-20.22224482,-28.37233098,108,100
3897,2933,129.8833333,-7.75,-15.99367105,-28.28667051,108,100
3898,2933,129.9166667,-7.75,-17.6323296,-30.32770574,108,100
3899,2933,129.95,-7.75,-26.81365519,-34.44245492,108,100
3900,2933,129.9833333,-7.75,-37.92583334,-39.14936888,108,100
3901,2933,130.0166667,-7.75,-45.88966454,-42.74875273,108,100
3902,2933,130.05,-7.75,-49.79133491,-44.36096083,888,-888
3903,2933,130.0833333,-7.75,-50.06535486,-43.88001878,121,100
3904,2933,130.1166667,-7.75,-47.55232152,-41.61977597,121,100
3905,2933,130.15,-7.75,-43.01028942,-38.04749679,121,100
3906,2933,130.1833333,-7.75,-37.06244163,-33.65315428,121,100
3907,2933,130.2166667,-7.75,-30.56202544,-28.92819085,121,100
3908,2933,130.25,-7.75,-24.05088612,-24.33696355,121,100
3909,2933,130.2833333,-7.75,-18.27937635,-20.33052169,121,100
3910,2933,130.3166667,-7.75,-14.33523787,-17.33423192,121,100
3911,2933,130.35,-7.75,-12.45625537,-15.66207858,121,100
3912,2933,130.3833333,-7.75,-12.71870389,-15.50185997,121,100
3913,2933,130.4166667,-7.75,-15.1727466,-16.87493158,121,100
3914,2933,130.45,-7.75,-19.58317737,-19.5960331,121,100
3915,2933,130.4833333,-7.75,-25.60800422,-23.30940615,121,100
3886,2932,129.5166667,-7.716666667,-34.65790177,-32.06216745,108,100
3887,2932,129.55,-7.716666667,-34.92689151,-32.40278136,108,100
3888,2932,129.5833333,-7.716666667,-34.86751745,-32.37889902,108,100
3889,2932,129.6166667,-7.716666667,-34.13881633,-31.91708448,108,100
3890,2932,129.65,-7.716666667,-32.6976473,-31.00232685,108,100
3891,2932,129.6833333,-7.716666667,-30.58829427,-29.66208982,108,100
3892,2932,129.7166667,-7.716666667,-27.79573478,-27.94827687,108,100
3893,2932,129.75,-7.716666667,-24.40054265,-25.95861839,108,100
3894,2932,129.7833333,-7.716666667,-20.51087924,-23.82326668,108,100
3895,2932,129.8166667,-7.716666667,-16.00247408,-21.71589612,108,100
3896,2932,129.85,-7.716666667,-11.01609733,-20.01764224,108,100
3897,2932,129.8833333,-7.716666667,-7.377710797,-19.48762734,108,100
3898,2932,129.9166667,-7.716666667,-8.567171947,-20.93646438,108,100
3899,2932,129.95,-7.716666667,-15.54491263,-24.34147484,108,100
3900,2932,129.9833333,-7.716666667,-24.64541712,-28.54992664,108,100
3901,2932,130.0166667,-7.716666667,-32.08128064,-32.13688771,108,100
3902,2932,130.05,-7.716666667,-36.55306185,-34.21278022,888,-888
3903,2932,130.0833333,-7.716666667,-37.8855123,-34.49016903,121,100
3904,2932,130.1166667,-7.716666667,-36.54935153,-33.10437124,121,100
3905,2932,130.15,-7.716666667,-33.44816616,-30.43313524,121,100
3906,2932,130.1833333,-7.716666667,-28.8402734,-26.903763,121,100
3907,2932,130.2166667,-7.716666667,-23.16518271,-22.96088005,121,100
3908,2932,130.25,-7.716666667,-17.76288596,-19.1008306,121,100
3909,2932,130.2833333,-7.716666667,-13.53026258,-15.79017592,121,100
3910,2932,130.3166667,-7.716666667,-10.69777721,-13.39690256,121,100
3911,2932,130.35,-7.716666667,-9.332363371,-12.1925101,121,100
3912,2932,130.3833333,-7.716666667,-9.737138997,-12.3674989,121,100
3913,2932,130.4166667,-7.716666667,-12.22230969,-13.9844213,121,100
3914,2932,130.45,-7.716666667,-16.6913254,-16.91650812,121,100
3915,2932,130.4833333,-7.716666667,-22.75943495,-20.84850119,121,100
3886,2931,129.5166667,-7.683333333,-32.64740531,-29.60726737,108,100
3887,2931,129.55,-7.683333333,-32.40229038,-29.62047398,108,100
3888,2931,129.5833333,-7.683333333,-31.68257066,-29.16446403,108,100
3889,2931,129.6166667,-7.683333333,-30.19343797,-28.20255925,108,100
3890,2931,129.65,-7.683333333,-28.03637734,-26.75898182,108,100
3891,2931,129.6833333,-7.683333333,-25.33580223,-24.89013914,108,100
3892,2931,129.7166667,-7.683333333,-21.91895096,-22.6625007,108,100
3893,2931,129.75,-7.683333333,-17.93490722,-20.21510465,108,100
3894,2931,129.7833333,-7.683333333,-13.75022309,-17.75497432,108,100
3895,2931,129.8166667,-7.683333333,-9.55108175,-15.52798788,108,100
3896,2931,129.85,-7.683333333,-5.773073298,-13.90482,108,100
3897,2931,129.8833333,-7.683333333,-3.737597426,-13.43949823,108,100
3898,2931,129.9166667,-7.683333333,-5.043650358,-14.60831046,108,100
3899,2931,129.95,-7.683333333,-9.865681398,-17.31892959,108,100
3900,2931,129.9833333,-7.683333333,-16.4306109,-20.77538416,108,100
3901,2931,130.0166667,-7.683333333,-22.45963508,-23.92705929,108,100
3902,2931,130.05,-7.683333333,-26.56651365,-25.97255045,888,-888
3903,2931,130.0833333,-7.683333333,-28.10373619,-26.51045991,121,100
3904,2931,130.1166667,-7.683333333,-26.85461103,-25.52442002,121,100
3905,2931,130.15,-7.683333333,-23.84159631,-23.34509275,121,100
3906,2931,130.1833333,-7.683333333,-20.16811898,-20.41686231,121,100
3907,2931,130.2166667,-7.683333333,-15.97491476,-17.11340353,121,100
3908,2931,130.25,-7.683333333,-11.84797904,-13.82514214,121,100
3909,2931,130.2833333,-7.683333333,-8.355596443,-10.96713974,121,100
3910,2931,130.3166667,-7.683333333,-5.730915436,-8.904371152,121,100
3911,2931,130.35,-7.683333333,-4.448647878,-7.949471938,121,100
3912,2931,130.3833333,-7.683333333,-5.001004883,-8.339501614,121,100
3913,2931,130.4166667,-7.683333333,-7.653094087,-10.16408188,121,100
3914,2931,130.45,-7.683333333,-12.2715226,-13.31022777,121,100
3915,2931,130.4833333,-7.683333333,-18.4352519,-17.46840309,121,100
3886,2930,129.5166667,-7.65,-31.22714872,-27.57865158,108,100
3887,2930,129.55,-7.65,-30.62015386,-27.33794417,108,100
3888,2930,129.5833333,-7.65,-29.30635874,-26.49583897,108,100
3889,2930,129.6166667,-7.65,-27.09950696,-25.06679373,108,100
3890,2930,129.65,-7.65,-24.27361531,-23.12698921,108,100
3891,2930,129.6833333,-7.65,-21.01786204,-20.76954568,108,100
3892,2930,129.7166667,-7.65,-17.04035953,-18.09884788,108,100
3893,2930,129.75,-7.65,-12.62510482,-15.32202755,108,100
3894,2930,129.7833333,-7.65,-8.410046713,-12.72811286,108,100
3895,2930,129.8166667,-7.65,-4.786314083,-10.60948771,108,100
3896,2930,129.85,-7.65,-2.207152017,-9.276581028,108,100
3897,2930,129.8833333,-7.65,-1.402234178,-9.055371228,108,100
3898,2930,129.9166667,-7.65,-2.874665726,-10.12894369,108,100
3899,2930,129.95,-7.65,-6.432294184,-12.33371719,108,100
3900,2930,129.9833333,-7.65,-11.23291119,-15.12191123,108,100
3901,2930,130.0166667,-7.65,-15.93278625,-17.74470055,108,100
3902,2930,130.05,-7.65,-19.33037903,-19.52864667,888,-888
3903,2930,130.0833333,-7.65,-20.69888475,-20.04521629,121,100
3904,2930,130.1166667,-7.65,-19.38998329,-19.1891897,121,100
3905,2930,130.15,-7.65,-16.25393476,-17.23935031,121,100
3906,2930,130.1833333,-7.65,-13.13339643,-14.6324287,121,100
3907,2930,130.2166667,-7.65,-9.815269985,-11.66284519,121,100
3908,2930,130.25,-7.65,-5.861519613,-8.60722528,121,100
3909,2930,130.2833333,-7.65,-2.12438274,-5.864705689,121,100
3910,2930,130.3166667,-7.65,0.66283003,-3.858981052,121,100
3911,2930,130.35,-7.65,1.952391758,-2.969542853,121,100
3912,2930,130.3833333,-7.65,1.250944087,-3.481369971,121,100
3913,2930,130.4166667,-7.65,-1.640522274,-5.499659445,121,100
3914,2930,130.45,-7.65,-6.54438621,-8.90174217,121,100
3915,2930,130.4833333,-7.65,-13.01657927,-13.36051314,121,100
3886,2929,129.5166667,-7.616666667,-30.35643601,-25.92471939,108,100
3887,2929,129.55,-7.616666667,-29.49517331,-25.50839961,108,100
3888,2929,129.5833333,-7.616666667,-27.61842414,-24.33160119,108,100
3889,2929,129.6166667,-7.616666667,-24.85507508,-22.4699571,108,100
3890,2929,129.65,-7.616666667,-21.42067939,-20.04863156,108,100
3891,2929,129.6833333,-7.616666667,-17.34035738,-17.20126636,108,100
3892,2929,129.7166667,-7.616666667,-12.64430776,-14.10803376,108,100
3893,2929,129.75,-7.616666667,-7.889286571,-11.06496133,108,100
3894,2929,129.7833333,-7.616666667,-3.787253908,-8.427757911,108,100
3895,2929,129.8166667,-7.616666667,-0.773633623,-6.501991896,108,100
3896,2929,129.85,-7.616666667,0.838702637,-5.507336091,108,100
3897,2929,129.8833333,-7.616666667,0.762991229,-5.569546649,108,100
3898,2929,129.9166667,-7.616666667,-0.938096799,-6.668497956,108,100
3899,2929,129.95,-7.616666667,-3.935122595,-8.593816053,108,100
3900,2929,129.9833333,-7.616666667,-7.766929112,-10.93579795,108,100
3901,2929,130.0166667,-7.616666667,-11.54229686,-13.13170163,108,100
3902,2929,130.05,-7.616666667,-14.28271081,-14.61735659,888,-888
3903,2929,130.0833333,-7.616666667,-15.22887141,-14.9933733,121,100
3904,2929,130.1166667,-7.616666667,-14.03638722,-14.14844999,121,100
3905,2929,130.15,-7.616666667,-11.42461855,-12.28879316,121,100
3906,2929,130.1833333,-7.616666667,-8.249452135,-9.735109894,121,100
3907,2929,130.2166667,-7.616666667,-4.361362051,-6.73723319,121,100
3908,2929,130.25,-7.616666667,0.114766236,-3.581713572,121,100
3909,2929,130.2833333,-7.616666667,4.379724179,-0.680497903,121,100
3910,2929,130.3166667,-7.616666667,7.714652355,1.503513574,121,100
3911,2929,130.35,-7.616666667,9.403854838,2.518374478,121,100
3912,2929,130.3833333,-7.616666667,8.795227441,2.000523431,121,100
3913,2929,130.4166667,-7.616666667,5.653226061,-0.193957582,121,100
3914,2929,130.45,-7.616666667,0.25029572,-3.916419839,121,100
3915,2929,130.4833333,-7.616666667,-6.835800004,-8.780091813,121,100
3886,2928,129.5166667,-7.583333333,-29.91407218,-24.60980384,108,100
3887,2928,129.55,-7.583333333,-29.04690042,-24.09079488,108,100
3888,2928,129.5833333,-7.583333333,-26.72254938,-22.61759526,108,100
3889,2928,129.6166667,-7.583333333,-23.31467268,-20.3255061,108,100
3890,2928,129.65,-7.583333333,-19.12782618,-17.41435549,108,100
3891,2928,129.6833333,-7.583333333,-14.14869254,-14.08116222,108,100
3892,2928,129.7166667,-7.583333333,-8.692565248,-10.58288717,108,100
3893,2928,129.75,-7.583333333,-3.496769829,-7.293210527,108,100
3894,2928,129.7833333,-7.583333333,0.613142482,-4.632384919,108,100
3895,2928,129.8166667,-7.583333333,3.067652381,-2.917475051,108,100
3896,2928,129.85,-7.583333333,3.77815021,-2.265346314,108,100
3897,2928,129.8833333,-7.583333333,2.959849023,-2.621365067,108,100
3898,2928,129.9166667,-7.583333333,0.991007967,-3.828460688,108,100
3899,2928,129.95,-7.583333333,-1.873140046,-5.656526828,108,100
3900,2928,129.9833333,-7.583333333,-5.361941882,-7.769678942,108,100
3901,2928,130.0166667,-7.583333333,-8.710829232,-9.702523825,108,100
3902,2928,130.05,-7.583333333,-10.98292606,-10.95673923,888,-888
3903,2928,130.0833333,-7.583333333,-11.42924515,-11.16816634,121,100
3904,2928,130.1166667,-7.583333333,-10.13899557,-10.24182523,121,100
3905,2928,130.15,-7.583333333,-7.687220334,-8.317006815,121,100
3906,2928,130.1833333,-7.583333333,-4.059707422,-5.607304898,121,100
3907,2928,130.2166667,-7.583333333,0.613078643,-2.363929074,121,100
3908,2928,130.25,-7.583333333,5.73595833,1.078210442,121,100
3909,2928,130.2833333,-7.583333333,10.73065775,4.307616941,121,100
3910,2928,130.3166667,-7.583333333,14.93843333,6.851090079,121,100
3911,2928,130.35,-7.583333333,17.48513278,8.17597248,121,100
3912,2928,130.3833333,-7.583333333,17.3466801,7.779290032,121,100
3913,2928,130.4166667,-7.583333333,13.96160934,5.42423758,121,100
3914,2928,130.45,-7.583333333,7.758478703,1.308663281,121,100
3915,2928,130.4833333,-7.583333333,-0.317255789,-4.049296109,121,100
3886,2927,129.5166667,-7.55,-30.29038085,-23.584389,108,100
3887,2927,129.55,-7.55,-29.51474845,-23.00119982,108,100
3888,2927,129.5833333,-7.55,-26.69874016,-21.23369131,108,100
3889,2927,129.6166667,-7.55,-22.31081385,-18.49297395,108,100
3890,2927,129.65,-7.55,-17.08772352,-15.09991342,108,100
3891,2927,129.6833333,-7.55,-11.2975009,-11.33699325,108,100
3892,2927,129.7166667,-7.55,-5.151114181,-7.499584874,108,100
3893,2927,129.75,-7.55,0.669619954,-3.999464021,108,100
3894,2927,129.7833333,-7.55,4.986543152,-1.323056392,108,100
3895,2927,129.8166667,-7.55,6.858043562,0.187047388,108,100
3896,2927,129.85,-7.55,6.583548428,0.517450424,108,100
3897,2927,129.8833333,-7.55,5.041737423,-0.114879845,108,100
3898,2927,129.9166667,-7.55,2.682786843,-1.464616459,108,100
3899,2927,129.95,-7.55,-0.339908916,-3.299178198,108,100
3900,2927,129.9833333,-7.55,-3.79459862,-5.325539315,108,100
3901,2927,130.0166667,-7.55,-7.011749794,-7.137027688,108,100
3902,2927,130.05,-7.55,-9.078861187,-8.273846745,888,-888
3903,2927,130.0833333,-7.55,-9.352668831,-8.372200424,121,100
3904,2927,130.1166667,-7.55,-7.863599952,-7.301908477,121,100
3905,2927,130.15,-7.55,-4.905929017,-5.161475583,121,100
3906,2927,130.1833333,-7.55,-0.545259475,-2.166542725,121,100
3907,2927,130.2166667,-7.55,4.851454649,1.392947335,121,100
3908,2927,130.25,-7.55,10.69697105,5.168061604,121,100
3909,2927,130.2833333,-7.55,16.53177504,8.775261837,121,100
3910,2927,130.3166667,-7.55,21.87177825,11.76109821,121,100
3911,2927,130.35,-7.55,25.82413484,13.51824722,121,100
3912,2927,130.3833333,-7.55,26.57722369,13.33678097,121,100
3913,2927,130.4166667,-7.55,22.7706781,10.82162193,121,100
3914,2927,130.45,-7.55,15.29424668,6.263086205,121,100
3915,2927,130.4833333,-7.55,5.94507996,0.40341869,121,100
3886,2926,129.5166667,-7.516666667,-31.57292498,-22.60872234,108,100
3887,2926,129.55,-7.516666667,-30.62108233,-21.97279287,108,100
3888,2926,129.5833333,-7.516666667,-26.93331774,-19.903004,108,100
3889,2926,129.6166667,-7.516666667,-21.46977613,-16.74619378,108,100
3890,2926,129.65,-7.516666667,-15.39620171,-12.96998896,108,100
3891,2926,129.6833333,-7.516666667,-9.052273413,-8.92633858,108,100
3892,2926,129.7166667,-7.516666667,-2.470036472,-4.913253281,108,100
3893,2926,129.75,-7.516666667,3.759423487,-1.337145576,108,100
3894,2926,129.7833333,-7.516666667,8.204761611,1.293558989,108,100
3895,2926,129.8166667,-7.516666667,9.598732384,2.630960192,108,100
3896,2926,129.85,-7.516666667,8.592144911,2.736115253,108,100
3897,2926,129.8833333,-7.516666667,6.554260968,1.927441902,108,100
3898,2926,129.9166667,-7.516666667,3.891950836,0.493189038,108,100
3899,2926,129.95,-7.516666667,0.706459599,-1.342418349,108,100
3900,2926,129.9833333,-7.516666667,-2.765891692,-3.322887637,108,100
3901,2926,130.0166667,-7.516666667,-6.026583697,-5.097723411,108,100
3902,2926,130.05,-7.516666667,-8.35751729,-6.233124536,888,-888
3903,2926,130.0833333,-7.516666667,-8.922603044,-6.30094269,121,100
3904,2926,130.1166667,-7.516666667,-7.078859881,-5.069878784,121,100
3905,2926,130.15,-7.516666667,-3.149165031,-2.646740215,121,100
3906,2926,130.1833333,-7.516666667,2.110047685,0.64868629,121,100
3907,2926,130.2166667,-7.516666667,8.168039166,4.466263125,121,100
3908,2926,130.25,-7.516666667,14.59902816,8.473475416,121,100
3909,2926,130.2833333,-7.516666667,21.10222442,12.33968808,121,100
3910,2926,130.3166667,-7.516666667,27.49442281,15.66014872,121,100
3911,2926,130.35,-7.516666667,33.13447623,17.78537333,121,100
3912,2926,130.3833333,-7.516666667,35.09212508,17.80160395,121,100
3913,2926,130.4166667,-7.516666667,30.60682637,15.1452766,121,100
3914,2926,130.45,-7.516666667,21.48903036,10.22303974,121,100
3915,2926,130.4833333,-7.516666667,10.9580628,4.030820552,121,100
3886,2925,129.5166667,-7.483333333,-32.71641721,-21.10883961,108,100
3887,2925,129.55,-7.483333333,-31.59898001,-20.47036417,108,100
3888,2925,129.5833333,-7.483333333,-26.82343594,-18.17600514,108,100
3889,2925,129.6166667,-7.483333333,-20.36718183,-14.75046652,108,100
3890,2925,129.65,-7.483333333,-13.76284228,-10.80106595,108,100
3891,2925,129.6833333,-7.483333333,-7.263885728,-6.720932873,108,100
3892,2925,129.7166667,-7.483333333,-0.871289098,-2.793298236,108,100
3893,2925,129.75,-7.483333333,4.947496708,0.62306124,108,100
3894,2925,129.7833333,-7.483333333,9.02168646,3.085852252,108,100
3895,2925,129.8166667,-7.483333333,10.30117942,4.301909994,108,100
3896,2925,129.85,-7.483333333,9.325999738,4.348826996,108,100
3897,2925,129.8833333,-7.483333333,7.326352284,3.542442213,108,100
3898,2925,129.9166667,-7.483333333,4.784646211,2.170232157,108,100
3899,2925,129.95,-7.483333333,1.755316337,0.441093001,108,100
3900,2925,129.9833333,-7.483333333,-1.613484335,-1.430758602,108,100
3901,2925,130.0166667,-7.483333333,-5.014370148,-3.156314118,108,100
3902,2925,130.05,-7.483333333,-7.974477641,-4.32022505,888,-888
3903,2925,130.0833333,-7.483333333,-9.017306037,-4.398056383,121,100
3904,2925,130.1166667,-7.483333333,-6.620057075,-3.051481067,121,100
3905,2925,130.15,-7.483333333,-1.663547375,-0.435241515,121,100
3906,2925,130.1833333,-7.483333333,4.241908814,3.005124381,121,100
3907,2925,130.2166667,-7.483333333,10.56927053,6.869580893,121,100
3908,2925,130.25,-7.483333333,17.08899513,10.85118645,121,100
3909,2925,130.2833333,-7.483333333,23.68707169,14.67194827,121,100
3910,2925,130.3166667,-7.483333333,30.33423204,17.97090803,121,100
3911,2925,130.35,-7.483333333,36.41745904,20.10266442,121,100
3912,2925,130.3833333,-7.483333333,38.68802202,20.11237428,121,100
3913,2925,130.4166667,-7.483333333,34.02187688,17.40604665,121,100
3914,2925,130.45,-7.483333333,24.46056499,12.43726284,121,100
3915,2925,130.4833333,-7.483333333,13.73045491,6.301204822,121,100
3886,2924,129.5166667,-7.45,-31.41536325,-18.27876822,108,100
3887,2924,129.55,-7.45,-30.40009766,-17.72862179,108,100
3888,2924,129.5833333,-7.45,-25.06178746,-15.45347313,108,100
3889,2924,129.6166667,-7.45,-18.19741015,-12.08237883,108,100
3890,2924,129.65,-7.45,-11.57513613,-8.290242509,108,100
3891,2924,129.6833333,-7.45,-5.428649673,-4.480631492,108,100
3892,2924,129.7166667,-7.45,0.245991325,-0.911204597,108,100
3893,2924,129.75,-7.45,5.104962902,2.12867342,108,100
3894,2924,129.7833333,-7.45,8.433410207,4.310759082,108,100
3895,2924,129.8166667,-7.45,9.744827923,5.432485351,108,100
3896,2924,129.85,-7.45,9.293983993,5.550961249,108,100
3897,2924,129.8833333,-7.45,7.762442201,4.90509777,108,100
3898,2924,129.9166667,-7.45,5.648568048,3.745224584,108,100
3899,2924,129.95,-7.45,3.126361343,2.265069176,108,100
3900,2924,129.9833333,-7.45,0.281504115,0.638783108,108,100
3901,2924,130.0166667,-7.45,-2.826726573,-0.902997027,108,100
3902,2924,130.05,-7.45,-5.805129945,-1.972437822,888,-888
3903,2924,130.0833333,-7.45,-6.890643116,-2.024206856,121,100
3904,2924,130.1166667,-7.45,-4.406265005,-0.696415101,121,100
3905,2924,130.15,-7.45,0.589380027,1.844869581,121,100
3906,2924,130.1833333,-7.45,6.334308661,5.122292947,121,100
3907,2924,130.2166667,-7.45,12.29195523,8.71476247,121,100
3908,2924,130.25,-7.45,18.2310322,12.32244041,121,100
3909,2924,130.2833333,-7.45,24.12058815,15.69639061,121,100
3910,2924,130.3166667,-7.45,29.84665825,18.49983217,121,100
3911,2924,130.35,-7.45,34.51921999,20.14810003,121,100
3912,2924,130.3833333,-7.45,35.76767142,19.86220574,121,100
3913,2924,130.4166667,-7.45,31.66373211,17.19983154,121,100
3914,2924,130.45,-7.45,23.45908762,12.56204709,121,100
3915,2924,130.4833333,-7.45,13.88438488,6.922814081,121,100
3886,2923,129.5166667,-7.416666667,-25.0668085,-13.55464626,108,100
3887,2923,129.55,-7.416666667,-24.31614365,-13.1736967,108,100
3888,2923,129.5833333,-7.416666667,-19.84374455,-11.28228926,108,100
3889,2923,129.6166667,-7.416666667,-13.98453046,-8.426000768,108,100
3890,2923,129.65,-7.416666667,-8.310321389,-5.203139493,108,100
3891,2923,129.6833333,-7.416666667,-3.150421207,-1.981643408,108,100
3892,2923,129.7166667,-7.416666667,1.512342215,1.014518579,108,100
3893,2923,129.75,-7.416666667,5.425659329,3.558134192,108,100
3894,2923,129.7833333,-7.416666667,8.100702003,5.410642518,108,100
3895,2923,129.8166667,-7.416666667,9.328224143,6.434137684,108,100
3896,2923,129.85,-7.416666667,9.287299051,6.658981754,108,100
3897,2923,129.8833333,-7.416666667,8.328421716,6.240836515,108,100
3898,2923,129.9166667,-7.416666667,6.825067709,5.37669234,108,100
3899,2923,129.95,-7.416666667,5.039214796,4.241826126,108,100
3900,2923,129.9833333,-7.416666667,2.959132256,2.97776153,108,100
3901,2923,130.0166667,-7.416666667,0.584794217,1.770289576,108,100
3902,2923,130.05,-7.416666667,-1.509790938,0.956831797,888,-888
3903,2923,130.0833333,-7.416666667,-2.096338331,0.985329771,121,100
3904,2923,130.1166667,-7.416666667,-0.187889351,2.144147726,121,100
3905,2923,130.15,-7.416666667,3.808903874,4.322619719,121,100
3906,2923,130.1833333,-7.416666667,8.751262448,7.125507788,121,100
3907,2923,130.2166667,-7.416666667,13.79812686,10.13906433,121,100
3908,2923,130.25,-7.416666667,18.53003708,13.05554293,121,100
3909,2923,130.2833333,-7.416666667,23.02289594,15.63977911,121,100
3910,2923,130.3166667,-7.416666667,27.05238564,17.57754669,121,100
3911,2923,130.35,-7.416666667,29.67537936,18.40135824,121,100
3912,2923,130.3833333,-7.416666667,29.62810557,17.61198459,121,100
3913,2923,130.4166667,-7.416666667,25.98665095,14.97696138,121,100
3914,2923,130.45,-7.416666667,19.32339134,10.8214587,121,100
3915,2923,130.4833333,-7.416666667,11.53096024,5.921757424,121,100
3886,2922,129.5166667,-7.383333333,-14.71237139,-7.168834657,108,100
3887,2922,129.55,-7.383333333,-14.31390971,-7.016696762,108,100
3888,2922,129.5833333,-7.383333333,-11.6919679,-5.805791122,108,100
3889,2922,129.6166667,-7.383333333,-7.924650277,-3.847169957,108,100
3890,2922,129.65,-7.383333333,-3.988658447,-1.53281383,108,100
3891,2922,129.6833333,-7.383333333,-0.266602328,0.858244664,108,100
3892,2922,129.7166667,-7.383333333,3.213047689,3.143012174,108,100
3893,2922,129.75,-7.383333333,6.255098654,5.13910909,108,100
3894,2922,129.7833333,-7.383333333,8.454598491,6.656844837,108,100
3895,2922,129.8166667,-7.383333333,9.636716315,7.580026968,108,100
3896,2922,129.85,-7.383333333,9.87524659,7.903036008,108,100
3897,2922,129.8833333,-7.383333333,9.3233038,7.709296798,108,100
3898,2922,129.9166667,-7.383333333,8.265626806,7.143778683,108,100
3899,2922,129.95,-7.383333333,7.093105812,6.365284978,108,100
3900,2922,129.9833333,-7.383333333,5.817059069,5.494123696,108,100
3901,2922,130.0166667,-7.383333333,4.344665647,4.670851723,108,100
3902,2922,130.05,-7.383333333,3.230715503,4.153828924,888,-888
3903,2922,130.0833333,-7.383333333,3.178224252,4.254023744,121,100
3904,2922,130.1166667,-7.383333333,4.590629773,5.162357788,121,100
3905,2922,130.15,-7.383333333,7.467885029,6.82404336,121,100
3906,2922,130.1833333,-7.383333333,11.23458514,8.954724141,121,100
3907,2922,130.2166667,-7.383333333,14.98771525,11.18839075,121,100
3908,2922,130.25,-7.383333333,18.25884751,13.23001568,121,100
3909,2922,130.2833333,-7.383333333,21.19962221,14.84833907,121,100
3910,2922,130.3166667,-7.383333333,23.32923012,15.74451329,121,100
3911,2922,130.35,-7.383333333,23.82617088,15.59449836,121,100
3912,2922,130.3833333,-7.383333333,22.49867194,14.18547573,121,100
3913,2922,130.4166667,-7.383333333,18.98385856,11.47135539,121,100
3914,2922,130.45,-7.383333333,13.44625235,7.719509754,121,100
3915,2922,130.4833333,-7.383333333,7.305570007,3.53496807,121,100
3886,2921,129.5166667,-7.35,-3.230667766,0.055008689,108,100
3887,2921,129.55,-7.35,-3.265672858,-0.070349514,108,100
3888,2921,129.5833333,-7.35,-2.51505003,0.337906106,108,100
3889,2921,129.6166667,-7.35,-1.000834604,1.240690463,108,100
3890,2921,129.65,-7.35,0.963234707,2.497693144,108,100
3891,2921,129.6833333,-7.35,3.103055714,3.952409805,108,100
3892,2921,129.7166667,-7.35,5.364384086,5.470957291,108,100
3893,2921,129.75,-7.35,7.565898777,6.905728558,108,100
3894,2921,129.7833333,-7.35,9.316687198,8.094853803,108,100
3895,2921,129.8166667,-7.35,10.47195726,8.921707617,108,100
3896,2921,129.85,-7.35,10.99493464,9.338573568,108,100
3897,2921,129.8833333,-7.35,10.80009974,9.367717667,108,100
3898,2921,129.9166667,-7.35,10.06279058,9.097766004,108,100
3899,2921,129.95,-7.35,9.313367876,8.645644614,108,100
3900,2921,129.9833333,-7.35,8.706147848,8.10846129,108,100
3901,2921,130.0166667,-7.35,8.028620228,7.592050952,108,100
3902,2921,130.05,-7.35,7.592068673,7.270779578,888,-888
3903,2921,130.0833333,-7.35,7.809595601,7.343690656,121,100
3904,2921,130.1166667,-7.35,8.870432709,7.941531678,121,100
3905,2921,130.15,-7.35,10.79288547,9.042863502,121,100
3906,2921,130.1833333,-7.35,13.18677234,10.44364686,121,100
3907,2921,130.2166667,-7.35,15.46601468,11.84476597,121,100
3908,2921,130.25,-7.35,17.44259754,12.97767902,121,100
3909,2921,130.2833333,-7.35,19.08851501,13.59949846,121,100
3910,2921,130.3166667,-7.35,19.45437238,13.42529798,121,100
3911,2921,130.35,-7.35,17.96255353,12.27904604,121,100
3912,2921,130.3833333,-7.35,15.40204438,10.19370792,121,100
3913,2921,130.4166667,-7.35,11.81586679,7.26194054,121,100
3914,2921,130.45,-7.35,7.010793297,3.708404439,121,100
3915,2921,130.4833333,-7.35,1.900638395,0.018294812,121,100
3886,2920,129.5166667,-7.316666667,8.045908349,7.251751167,108,100
3887,2920,129.55,-7.316666667,7.419404443,6.812618753,108,100
3888,2920,129.5833333,-7.316666667,6.340977385,6.430778964,108,100
3889,2920,129.6166667,-7.316666667,5.777416825,6.316328944,108,100
3890,2920,129.65,-7.316666667,5.92474278,6.552718154,108,100
3891,2920,129.6833333,-7.316666667,6.60696774,7.099879338,108,100
3892,2920,129.7166667,-7.316666667,7.721671574,7.873271494,108,100
3893,2920,129.75,-7.316666667,9.106887918,8.763438633,108,100
3894,2920,129.7833333,-7.316666667,10.47328986,9.642943594,108,100
3895,2920,129.8166667,-7.316666667,11.6276566,10.38531264,108,100
3896,2920,129.85,-7.316666667,12.33954444,10.89692173,108,100
3897,2920,129.8833333,-7.316666667,12.68173608,11.17024827,108,100
3898,2920,129.9166667,-7.316666667,12.84583087,11.2352242,108,100
3899,2920,129.95,-7.316666667,12.64750285,11.0939092,108,100
3900,2920,129.9833333,-7.316666667,12.14119871,10.78728228,108,100
3901,2920,130.0166667,-7.316666667,11.68387377,10.42150529,108,100
3902,2920,130.05,-7.316666667,11.38925337,10.11504897,888,-888
3903,2920,130.0833333,-7.316666667,11.2641147,9.994863887,121,100
3904,2920,130.1166667,-7.316666667,11.64877088,10.19218155,121,100
3905,2920,130.15,-7.316666667,12.71641473,10.73755297,121,100
3906,2920,130.1833333,-7.316666667,14.13956017,11.48069075,121,100
3907,2920,130.2166667,-7.316666667,15.50052967,12.14072536,121,100
3908,2920,130.25,-7.316666667,16.44584033,12.41277751,121,100
3909,2920,130.2833333,-7.316666667,16.69259385,12.04441047,121,100
3910,2920,130.3166667,-7.316666667,15.33485325,10.83617426,121,100
3911,2920,130.35,-7.316666667,12.19791237,8.755701896,121,100
3912,2920,130.3833333,-7.316666667,8.68795731,5.975254826,121,100
3913,2920,130.4166667,-7.316666667,4.798564477,2.654570658,121,100
3914,2920,130.45,-7.316666667,0.08813487,-0.988562089,121,100
3915,2920,130.4833333,-7.316666667,-4.607410166,-4.505013365,121,100
3886,2919,129.5166667,-7.283333333,17.56330804,13.64342891,108,100
3887,2919,129.55,-7.283333333,16.33381906,12.89108622,108,100
3888,2919,129.5833333,-7.283333333,13.78185493,11.86226486,108,100
3889,2919,129.6166667,-7.283333333,11.63140364,10.92978677,108,100
3890,2919,129.65,-7.283333333,10.31696795,10.32490323,108,100
3891,2919,129.6833333,-7.283333333,9.758540444,10.09774196,108,100
3892,2919,129.7166667,-7.283333333,9.798774863,10.21105899,108,100
3893,2919,129.75,-7.283333333,10.31671999,10.6017608,108,100
3894,2919,129.7833333,-7.283333333,11.41146783,11.19403737,108,100
3895,2919,129.8166667,-7.283333333,12.81641908,11.85730242,108,100
3896,2919,129.85,-7.283333333,13.78188965,12.45014134,108,100
3897,2919,129.8833333,-7.283333333,14.64726386,12.94862494,108,100
3898,2919,129.9166667,-7.283333333,15.80332868,13.33740923,108,100
3899,2919,129.95,-7.283333333,16.23618662,13.49037895,108,100
3900,2919,129.9833333,-7.283333333,15.84399191,13.36230628,108,100
3901,2919,130.0166667,-7.283333333,15.36863091,13.03769315,108,100
3902,2919,130.05,-7.283333333,14.72987301,12.59873862,888,-888
3903,2919,130.0833333,-7.283333333,13.73280854,12.16498326,121,100
3904,2919,130.1166667,-7.283333333,12.96298688,11.92282705,121,100
3905,2919,130.15,-7.283333333,13.0766703,11.9616506,121,100
3906,2919,130.1833333,-7.283333333,14.02683297,12.1533017,121,100
3907,2919,130.2166667,-7.283333333,15.20136501,12.17788653,121,100
3908,2919,130.25,-7.283333333,15.07366395,11.64191299,121,100
3909,2919,130.2833333,-7.283333333,13.20833025,10.31979497,121,100
3910,2919,130.3166667,-7.283333333,10.25268182,8.179828231,121,100
3911,2919,130.35,-7.283333333,6.305194985,5.277225911,121,100
3912,2919,130.3833333,-7.283333333,1.977372865,1.766249261,121,100
3913,2919,130.4166667,-7.283333333,-2.761724634,-2.170398339,121,100
3914,2919,130.45,-7.283333333,-8.018585012,-6.249223267,121,100
3915,2919,130.4833333,-7.283333333,-12.88621779,-9.971988079,121,100
3886,2918,129.5166667,-7.25,23.37931063,18.70629406,108,100
3887,2918,129.55,-7.25,21.90450558,17.68365177,108,100
3888,2918,129.5833333,-7.25,18.96177117,16.25869751,108,100
3889,2918,129.6166667,-7.25,16.13681062,14.81763862,108,100
3890,2918,129.65,-7.25,13.97490461,13.64547141,108,100
3891,2918,129.6833333,-7.25,12.57774477,12.85599795,108,100
3892,2918,129.7166667,-7.25,11.83880401,12.46018175,108,100
3893,2918,129.75,-7.25,11.70630181,12.436634,108,100
3894,2918,129.7833333,-7.25,12.39235136,12.74374989,108,100
3895,2918,129.8166667,-7.25,13.71590893,13.26568265,108,100
3896,2918,129.85,-7.25,14.9358062,13.85738162,108,100
3897,2918,129.8833333,-7.25,16.16175835,14.47959332,108,100
3898,2918,129.9166667,-7.25,17.77287365,15.09374913,108,100
3899,2918,129.95,-7.25,18.79976401,15.5037101,108,100
3900,2918,129.9833333,-7.25,18.95746479,15.54930752,108,100
3901,2918,130.0166667,-7.25,18.65559026,15.22316057,108,100
3902,2918,130.05,-7.25,17.43437526,14.60728193,888,-888
3903,2918,130.0833333,-7.25,15.48310472,13.91757425,121,100
3904,2918,130.1166667,-7.25,14.11070481,13.3971482,121,100
3905,2918,130.15,-7.25,13.78915461,13.08015252,121,100
3906,2918,130.1833333,-7.25,14.07051098,12.78093072,121,100
3907,2918,130.2166667,-7.25,14.25086737,12.18130375,121,100
3908,2918,130.25,-7.25,12.79567042,10.92093879,121,100
3909,2918,130.2833333,-7.25,9.617356919,8.834511533,121,100
3910,2918,130.3166667,-7.25,5.895995103,5.950790804,121,100
3911,2918,130.35,-7.25,1.48511677,2.299858436,121,100
3912,2918,130.3833333,-7.25,-3.911131363,-2.039515238,121,100
3913,2918,130.4166667,-7.25,-10.0781946,-6.855554568,121,100
3914,2918,130.45,-7.25,-16.54030126,-11.7548057,121,100
3915,2918,130.4833333,-7.25,-22.3839561,-16.13612126,121,100
3886,2917,129.5166667,-7.216666667,26.19378156,22.50063367,108,100
3887,2917,129.55,-7.216666667,24.70518953,21.23867134,108,100
3888,2917,129.5833333,-7.216666667,22.129905,19.62436885,108,100
3889,2917,129.6166667,-7.216666667,19.37422195,17.95085671,108,100
3890,2917,129.65,-7.216666667,17.01074504,16.48101332,108,100
3891,2917,129.6833333,-7.216666667,15.27179167,15.35769274,108,100
3892,2917,129.7166667,-7.216666667,14.14893412,14.62901065,108,100
3893,2917,129.75,-7.216666667,13.72974232,14.29878365,108,100
3894,2917,129.7833333,-7.216666667,13.99556711,14.32768736,108,100
3895,2917,129.8166667,-7.216666667,14.65618358,14.62221366,108,100
3896,2917,129.85,-7.216666667,15.41971993,15.08336117,108,100
3897,2917,129.8833333,-7.216666667,16.37956655,15.68446993,108,100
3898,2917,129.9166667,-7.216666667,18.1538566,16.39229287,108,100
3899,2917,129.95,-7.216666667,20.08952729,16.97495595,108,100
3900,2917,129.9833333,-7.216666667,20.97062368,17.13004547,108,100
3901,2917,130.0166667,-7.216666667,20.23273293,16.74915622,108,100
3902,2917,130.05,-7.216666667,18.04167082,16.02023366,888,-888
3903,2917,130.0833333,-7.216666667,16.29566532,15.32362461,121,100
3904,2917,130.1166667,-7.216666667,15.92870911,14.83303908,121,100
3905,2917,130.15,-7.216666667,15.78415003,14.36638105,121,100
3906,2917,130.1833333,-7.216666667,15.04667995,13.66636243,121,100
3907,2917,130.2166667,-7.216666667,13.58844324,12.52915426,121,100
3908,2917,130.25,-7.216666667,11.26264179,10.74574093,121,100
3909,2917,130.2833333,-7.216666667,8.0908345,8.160733666,121,100
3910,2917,130.3166667,-7.216666667,3.985844881,4.692248181,121,100
3911,2917,130.35,-7.216666667,-1.422881218,0.287867125,121,100
3912,2917,130.3833333,-7.216666667,-8.211356101,-5.004773631,121,100
3913,2917,130.4166667,-7.216666667,-16.10643166,-10.9479945,121,100
3914,2917,130.45,-7.216666667,-24.44455148,-17.05983394,121,100
3915,2917,130.4833333,-7.216666667,-32.13862822,-22.61124303,121,100
3886,2916,129.5166667,-7.183333333,28.23144382,25.47810061,108,100
3887,2916,129.55,-7.183333333,26.56044326,23.95910965,108,100
3888,2916,129.5833333,-7.183333333,24.24361366,22.22162899,108,100
3889,2916,129.6166667,-7.183333333,21.71213246,20.45476235,108,100
3890,2916,129.65,-7.183333333,19.43373542,18.86020086,108,100
3891,2916,129.6833333,-7.183333333,17.63582282,17.57238521,108,100
3892,2916,129.7166667,-7.183333333,16.3809862,16.6515777,108,100
3893,2916,129.75,-7.183333333,15.73796083,16.10405083,108,100
3894,2916,129.7833333,-7.183333333,15.52679809,15.89278032,108,100
3895,2916,129.8166667,-7.183333333,15.62430399,15.96925081,108,100
3896,2916,129.85,-7.183333333,15.98170469,16.28439035,108,100
3897,2916,129.8833333,-7.183333333,16.65071517,16.80869425,108,100
3898,2916,129.9166667,-7.183333333,18.22711227,17.4864776,108,100
3899,2916,129.95,-7.183333333,20.13697471,18.06025068,108,100
3900,2916,129.9833333,-7.183333333,20.74165618,18.17438458,108,100
3901,2916,130.0166667,-7.183333333,19.31422996,17.73508576,108,100
3902,2916,130.05,-7.183333333,17.25201671,17.06432111,888,-888
3903,2916,130.0833333,-7.183333333,16.92665686,16.57908381,121,100
3904,2916,130.1166667,-7.183333333,17.85697892,16.27482415,121,100
3905,2916,130.15,-7.183333333,17.76901927,15.79329162,121,100
3906,2916,130.1833333,-7.183333333,16.28051299,14.89721196,121,100
3907,2916,130.2166667,-7.183333333,14.35848321,13.5199061,121,100
3908,2916,130.25,-7.183333333,12.03041667,11.5092208,121,100
3909,2916,130.2833333,-7.183333333,8.686646235,8.625301365,121,100
3910,2916,130.3166667,-7.183333333,3.919065536,4.669707388,121,100
3911,2916,130.35,-7.183333333,-2.549114668,-0.472875931,121,100
3912,2916,130.3833333,-7.183333333,-10.77512628,-6.788196213,121,100
3913,2916,130.4166667,-7.183333333,-20.6681521,-14.05085123,121,100
3914,2916,130.45,-7.183333333,-31.55223532,-21.73121703,121,100
3915,2916,130.4833333,-7.183333333,-42.08797398,-28.97157977,121,100
3886,2915,129.5166667,-7.15,30.12559576,27.98314116,108,100
3887,2915,129.55,-7.15,28.1179594,26.17048652,108,100
3888,2915,129.5833333,-7.15,25.8561104,24.29721342,108,100
3889,2915,129.6166667,-7.15,23.50933477,22.47631976,108,100
3890,2915,129.65,-7.15,21.34661082,20.83743609,108,100
3891,2915,129.6833333,-7.15,19.57953532,19.48271962,108,100
3892,2915,129.7166667,-7.15,18.32219362,18.46434569,108,100
3893,2915,129.75,-7.15,17.48692345,17.77948235,108,100
3894,2915,129.7833333,-7.15,16.86024905,17.40733095,108,100
3895,2915,129.8166667,-7.15,16.78025606,17.35832914,108,100
3896,2915,129.85,-7.15,17.3220846,17.61463701,108,100
3897,2915,129.8833333,-7.15,18.21225901,18.10700897,108,100
3898,2915,129.9166667,-7.15,19.55186162,18.71558012,108,100
3899,2915,129.95,-7.15,20.66452324,19.17678138,108,100
3900,2915,129.9833333,-7.15,20.47109405,19.20440344,108,100
3901,2915,130.0166667,-7.15,19.04908087,18.79012924,108,100
3902,2915,130.05,-7.15,17.99900068,18.27019705,888,-888
3903,2915,130.0833333,-7.15,18.3583541,17.95636237,121,100
3904,2915,130.1166667,-7.15,19.18481425,17.75244856,121,100
3905,2915,130.15,-7.15,18.91807978,17.32413349,121,100
3906,2915,130.1833333,-7.15,17.62424442,16.50125342,121,100
3907,2915,130.2166667,-7.15,16.35286346,15.23256476,121,100
3908,2915,130.25,-7.15,14.5297053,13.28890006,121,100
3909,2915,130.2833333,-7.15,11.09266032,10.31323471,121,100
3910,2915,130.3166667,-7.15,5.810675714,6.026099838,121,100
3911,2915,130.35,-7.15,-1.505451637,0.253827983,121,100
3912,2915,130.3833333,-7.15,-11.19121456,-7.057041199,121,100
3913,2915,130.4166667,-7.15,-23.30177369,-15.7253063,121,100
3914,2915,130.45,-7.15,-37.2009364,-25.21150298,121,100
3915,2915,130.4833333,-7.15,-51.50385712,-34.56488712,121,100
3886,2914,129.5166667,-7.116666667,31.87106444,30.14430287,108,100
3887,2914,129.55,-7.116666667,29.45245574,28.01248816,108,100
3888,2914,129.5833333,-7.116666667,27.11221673,25.97672652,108,100
3889,2914,129.6166667,-7.116666667,24.9265837,24.10444102,108,100
3890,2914,129.65,-7.116666667,22.91685195,22.46008766,108,100
3891,2914,129.6833333,-7.116666667,21.21442951,21.0987884,108,100
3892,2914,129.7166667,-7.116666667,19.94998222,20.05200026,108,100
3893,2914,129.75,-7.116666667,19.06397499,19.31277295,108,100
3894,2914,129.7833333,-7.116666667,18.42492714,18.87600964,108,100
3895,2914,129.8166667,-7.116666667,18.38377963,18.78325622,108,100
3896,2914,129.85,-7.116666667,19.01537918,19.03481141,108,100
3897,2914,129.8833333,-7.116666667,20.02853102,19.53313455,108,100
3898,2914,129.9166667,-7.116666667,21.35756549,20.10969069,108,100
3899,2914,129.95,-7.116666667,22.32104822,20.52507028,108,100
3900,2914,129.9833333,-7.116666667,22.37694902,20.58195238,108,100
3901,2914,130.0166667,-7.116666667,21.5201475,20.27218105,108,100
3902,2914,130.05,-7.116666667,20.51987069,19.82862827,888,-888
3903,2914,130.0833333,-7.116666667,20.40852507,19.52351831,121,100
3904,2914,130.1166667,-7.116666667,20.65076225,19.34599509,121,100
3905,2914,130.15,-7.116666667,20.40571577,19.0795694,121,100
3906,2914,130.1833333,-7.116666667,19.92315143,18.56314567,121,100
3907,2914,130.2166667,-7.116666667,19.48442389,17.64279184,121,100
3908,2914,130.25,-7.116666667,18.40611378,15.99788325,121,100
3909,2914,130.2833333,-7.116666667,15.43937143,13.18796712,121,100
3910,2914,130.3166667,-7.116666667,10.0908669,8.833790953,121,100
3911,2914,130.35,-7.116666667,2.150476489,2.663587939,121,100
3912,2914,130.3833333,-7.116666667,-8.925575229,-5.469150608,121,100
3913,2914,130.4166667,-7.116666667,-23.21369845,-15.44447311,121,100
3914,2914,130.45,-7.116666667,-40.20359572,-26.74370105,121,100
3915,2914,130.4833333,-7.116666667,-58.77391574,-38.37486005,121,100
3886,2913,129.5166667,-7.083333333,33.39760184,31.96223166,108,100
3887,2913,129.55,-7.083333333,30.61812316,29.50682278,108,100
3888,2913,129.5833333,-7.083333333,28.06316401,27.28882149,108,100
3889,2913,129.6166667,-7.083333333,25.9009637,25.35513319,108,100
3890,2913,129.65,-7.083333333,24.08458421,23.73048106,108,100
3891,2913,129.6833333,-7.083333333,22.56224823,22.41739122,108,100
3892,2913,129.7166667,-7.083333333,21.40046868,21.41002877,108,100
3893,2913,129.75,-7.083333333,20.57752264,20.68774908,108,100
3894,2913,129.7833333,-7.083333333,19.98518862,20.24449519,108,100
3895,2913,129.8166667,-7.083333333,19.91639793,20.1352999,108,100
3896,2913,129.85,-7.083333333,20.67027026,20.39627642,108,100
3897,2913,129.8833333,-7.083333333,21.91989263,20.92076368,108,100
3898,2913,129.9166667,-7.083333333,23.16255085,21.49310372,108,100
3899,2913,129.95,-7.083333333,24.00557526,21.91531448,108,100
3900,2913,129.9833333,-7.083333333,24.53215407,22.06688685,108,100
3901,2913,130.0166667,-7.083333333,24.27972067,21.87904155,108,100
3902,2913,130.05,-7.083333333,22.90857068,21.45623507,888,-888
3903,2913,130.0833333,-7.083333333,21.93929119,21.11339133,121,100
3904,2913,130.1166667,-7.083333333,22.07007119,21.02615709,121,100
3905,2913,130.15,-7.083333333,22.67248765,21.08075988,121,100
3906,2913,130.1833333,-7.083333333,23.35692439,21.03942797,121,100
3907,2913,130.2166667,-7.083333333,23.64874353,20.608374,121,100
3908,2913,130.25,-7.083333333,23.15993785,19.42864083,121,100
3909,2913,130.2833333,-7.083333333,21.07113627,17.05070847,121,100
3910,2913,130.3166667,-7.083333333,16.38536377,12.98638258,121,100
3911,2913,130.35,-7.083333333,8.459271304,6.808021394,121,100
3912,2913,130.3833333,-7.083333333,-3.334079882,-1.76724893,121,100
3913,2913,130.4166667,-7.083333333,-19.24232055,-12.71093476,121,100
3914,2913,130.45,-7.083333333,-38.90217365,-25.51885246,121,100
3915,2913,130.4833333,-7.083333333,-61.37539203,-39.14344041,121,100
3886,2912,129.5166667,-7.05,34.3910713,33.36796319,108,100
3887,2912,129.55,-7.05,31.33403276,30.60234146,108,100
3888,2912,129.5833333,-7.05,28.51778651,28.20799403,108,100
3889,2912,129.6166667,-7.05,26.26467543,26.2154341,108,100
3890,2912,129.65,-7.05,24.6373121,24.63035505,108,100
3891,2912,129.6833333,-7.05,23.43962108,23.41163299,108,100
3892,2912,129.7166667,-7.05,22.56034739,22.50605115,108,100
3893,2912,129.75,-7.05,21.91676373,21.860463,108,100
3894,2912,129.7833333,-7.05,21.36170831,21.44456348,108,100
3895,2912,129.8166667,-7.05,21.05428154,21.31321521,108,100
3896,2912,129.85,-7.05,21.76845302,21.56081261,108,100
3897,2912,129.8833333,-7.05,23.35263004,22.10237085,108,100
3898,2912,129.9166667,-7.05,24.57764031,22.6737004,108,100
3899,2912,129.95,-7.05,25.29077727,23.10174021,108,100
3900,2912,129.9833333,-7.05,25.96128944,23.32209655,108,100
3901,2912,130.0166667,-7.05,25.92701012,23.23925526,108,100
3902,2912,130.05,-7.05,24.52610893,22.89541488,888,-888
3903,2912,130.0833333,-7.05,23.19855556,22.62677248,121,100
3904,2912,130.1166667,-7.05,23.43861213,22.7362743,121,100
3905,2912,130.15,-7.05,24.98908442,23.18603417,121,100
3906,2912,130.1833333,-7.05,26.93084513,23.68128496,121,100
3907,2912,130.2166667,-7.05,28.13509779,23.83454663,121,100
3908,2912,130.25,-7.05,28.36072558,23.27438281,121,100
3909,2912,130.2833333,-7.05,27.46297654,21.58389368,121,100
3910,2912,130.3166667,-7.05,24.18731092,18.20534307,121,100
3911,2912,130.35,-7.05,17.36485597,12.52732455,121,100
3912,2912,130.3833333,-7.05,6.004454938,4.04643144,121,100
3913,2912,130.4166667,-7.05,-10.66687094,-7.347886599,121,100
3914,2912,130.45,-7.05,-32.15701234,-21.08661364,121,100
3915,2912,130.4833333,-7.05,-56.99080718,-35.93013046,121,100
3886,2911,129.5166667,-7.016666667,34.70302209,34.30117315,108,100
3887,2911,129.55,-7.016666667,31.36119506,31.25742416,108,100
3888,2911,129.5833333,-7.016666667,28.44776475,28.72996245,108,100
3889,2911,129.6166667,-7.016666667,26.22672346,26.71121424,108,100
3890,2911,129.65,-7.016666667,24.75169155,25.18338429,108,100
3891,2911,129.6833333,-7.016666667,23.80775987,24.08054508,108,100
3892,2911,129.7166667,-7.016666667,23.22991643,23.31482437,108,100
3893,2911,129.75,-7.016666667,22.89600975,22.79455296,108,100
3894,2911,129.7833333,-7.016666667,22.55187849,22.44775807,108,100
3895,2911,129.8166667,-7.016666667,22.10544934,22.30381794,108,100
3896,2911,129.85,-7.016666667,22.54154603,22.49774296,108,100
3897,2911,129.8833333,-7.016666667,24.14188818,22.9991097,108,100
3898,2911,129.9166667,-7.016666667,25.36987406,23.53897573,108,100
3899,2911,129.95,-7.016666667,26.02702689,23.95684288,108,100
3900,2911,129.9833333,-7.016666667,26.60060874,24.22258119,108,100
3901,2911,130.0166667,-7.016666667,26.5111809,24.25663845,108,100
3902,2911,130.05,-7.016666667,25.55458788,24.10554305,888,-888
3903,2911,130.0833333,-7.016666667,24.78684584,24.07447908,121,100
3904,2911,130.1166667,-7.016666667,25.46489268,24.4577894,121,100
3905,2911,130.15,-7.016666667,27.39171232,25.25480161,121,100
3906,2911,130.1833333,-7.016666667,29.89715506,26.21725377,121,100
3907,2911,130.2166667,-7.016666667,32.21679818,26.97988057,121,100
3908,2911,130.25,-7.016666667,33.71158216,27.15759714,121,100
3909,2911,130.2833333,-7.016666667,34.26014312,26.34918706,121,100
3910,2911,130.3166667,-7.016666667,33.07907806,23.99442553,121,100
3911,2911,130.35,-7.016666667,28.72630122,19.31235661,121,100
3912,2911,130.3833333,-7.016666667,18.96512637,11.47183877,121,100
3913,2911,130.4166667,-7.016666667,2.103892294,0.173622835,121,100
3914,2911,130.45,-7.016666667,-20.43348532,-13.81630631,121,100
3915,2911,130.4833333,-7.016666667,-45.67296995,-28.89438273,121,100
